{"knn1":{"err":0.2051698061322701},"knn5":{"err":0.1677712085796783},"knn10":{"err":0.1600439983500619},"logreg":{"err":0.1587240478482057},"rf":{"err":0.14678949539392272},"xgb":{"err":0.13085453045510788},"nb":{"err":0.17118108070947335},"ensemble":{"err": 0.1459920252990513},"ann1":{"err": 0.158},"ann2":{"err": 0.16}}